{
  "default_threshold": 0.5,
  "target_recall": 0.65,
  "active_threshold": 0.5,
  "use_tuned_threshold": false,
  "metrics_default": {
    "threshold": 0.5,
    "accuracy": 0.8156547183613753,
    "precision": 0.6877323420074349,
    "recall": 0.8149779735682819,
    "f1": 0.7459677419354839
  },
  "metrics_tuned": {
    "threshold": 0.5,
    "accuracy": 0.8156547183613753,
    "precision": 0.6877323420074349,
    "recall": 0.8149779735682819,
    "f1": 0.7459677419354839
  },
  "metrics_at_active": {
    "threshold": 0.5,
    "accuracy": 0.8156547183613753,
    "precision": 0.6877323420074349,
    "recall": 0.8149779735682819,
    "f1": 0.7459677419354839
  },
  "best_model": "Random Forest",
  "split_year": 2022
}