{
  "default_threshold": 0.5,
  "target_recall": 0.65,
  "active_threshold": 0.5,
  "use_tuned_threshold": false,
  "metrics_default": {
    "threshold": 0.5,
    "accuracy": 0.8057790782735919,
    "precision": 0.6623600344530577,
    "recall": 0.8469162995594713,
    "f1": 0.7433542774287095
  },
  "metrics_tuned": {
    "threshold": 0.5,
    "accuracy": 0.8057790782735919,
    "precision": 0.6623600344530577,
    "recall": 0.8469162995594713,
    "f1": 0.7433542774287095
  },
  "metrics_at_active": {
    "threshold": 0.5,
    "accuracy": 0.8057790782735919,
    "precision": 0.6623600344530577,
    "recall": 0.8469162995594713,
    "f1": 0.7433542774287095
  },
  "best_model": "XGBoost",
  "split_year": 2022
}